# __MOVER_START__
Redirect 301 /ab-pool-feature /docs/latest/ab-pool-feature
Redirect 301 /ab-pool-feature /docs/latest/ab-pool-feature
Redirect 301 /access-settings-for-clients-of-the-avi-controller /docs/latest
Redirect 301 /access-to-avi-portal /docs/latest/access-to-avi-portal
Redirect 301 /access-to-avi-portal /docs/latest/access-to-avi-portal
Redirect 301 /add-servers-to-pool-by-dns /docs/latest/add-servers-to-pool-by-dns
Redirect 301 /add-servers-to-pool-by-dns /docs/latest/add-servers-to-pool-by-dns
Redirect 301 /adding-avi-service-engines-to-a-linux-server-cloud /docs/latest/adding-avi-service-engines-to-a-linux-server-cloud
Redirect 301 /adding-avi-service-engines-to-a-linux-server-cloud /docs/latest/adding-avi-service-engines-to-a-linux-server-cloud
Redirect 301 /administrative-settings /docs/latest/administrative-settings
Redirect 301 /administrative-settings /docs/latest/administrative-settings
Redirect 301 /alert-actions /docs/latest/alert-actions
Redirect 301 /alert-actions /docs/latest/alert-actions
Redirect 301 /alert-config /docs/latest/alert-config
Redirect 301 /alert-config /docs/latest/alert-config
Redirect 301 /alerts-overview /docs/latest/alerts-overview
Redirect 301 /alerts-overview /docs/latest/alerts-overview
Redirect 301 /all-tenants-view /docs/latest/all-tenants-view
Redirect 301 /all-tenants-view /docs/latest/all-tenants-view
Redirect 301 /allowed-characters-for-object-names /docs/latest/allowed-characters-for-object-names
Redirect 301 /allowed-characters-for-object-names /docs/latest/allowed-characters-for-object-names
Redirect 301 /anti-affinity-for-service-engine-placement /docs/latest/anti-affinity-for-service-engine-placement
Redirect 301 /anti-affinity-for-service-engine-placement /docs/latest/anti-affinity-for-service-engine-placement
Redirect 301 /api-configuring-a-controller-cluster /docs/latest/api-configuring-a-controller-cluster
Redirect 301 /api-configuring-a-controller-cluster /docs/latest/api-configuring-a-controller-cluster
Redirect 301 /api-guide /docs/latest/api-guide
Redirect 301 /api-http-patch-support /docs/latest/api-http-patch-support
Redirect 301 /api-http-patch-support /docs/latest/api-http-patch-support
Redirect 301 /api-json-response-viewed-from-a-web-browser /docs/latest/api-json-response-viewed-from-a-web-browser
Redirect 301 /api-json-response-viewed-from-a-web-browser /docs/latest/api-json-response-viewed-from-a-web-browser
Redirect 301 /app-cookie-persistence /docs/latest/app-cookie-persistence
Redirect 301 /app-cookie-persistence /docs/latest/app-cookie-persistence
Redirect 301 /app-transport-security /docs/latest/app-transport-security
Redirect 301 /app-transport-security /docs/latest/app-transport-security
Redirect 301 /application-profile /docs/latest/application-profile
Redirect 301 /application-profile /docs/latest/application-profile
Redirect 301 /auth-profile /docs/latest/auth-profile
Redirect 301 /auth-profile /docs/latest/auth-profile
Redirect 301 /authorization-tenant-and-role-mapping-examples /docs/latest/authorization-tenant-and-role-mapping-examples
Redirect 301 /authorization-tenant-and-role-mapping-examples /docs/latest/authorization-tenant-and-role-mapping-examples
Redirect 301 /autoscale-service-engines /docs/latest/autoscale-service-engines
Redirect 301 /autoscale-service-engines /docs/latest/autoscale-service-engines
Redirect 301 /avi-controller-alerts-log /docs/latest/avi-controller-alerts-log
Redirect 301 /avi-controller-alerts-log /docs/latest/avi-controller-alerts-log
Redirect 301 /avi-controller-analytics-page /docs/latest/avi-controller-analytics-page
Redirect 301 /avi-controller-analytics-page /docs/latest/avi-controller-analytics-page
Redirect 301 /avi-controller-events-log /docs/latest/avi-controller-events-log
Redirect 301 /avi-controller-events-log /docs/latest/avi-controller-events-log
Redirect 301 /avi-controller-sizing /docs/latest/avi-controller-sizing
Redirect 301 /avi-controller-sizing /docs/latest/avi-controller-sizing
Redirect 301 /avi-networks-education-references /docs/latest/avi-networks-education-references
Redirect 301 /avi-networks-education-references /docs/latest/avi-networks-education-references
Redirect 301 /avi-networks-eula /docs/latest/avi-networks-eula
Redirect 301 /avi-networks-eula /docs/latest/avi-networks-eula
Redirect 301 /avi-se-behavior-on-gateway-monitor-failure /docs/latest/avi-se-behavior-on-gateway-monitor-failure
Redirect 301 /avi-se-behavior-on-gateway-monitor-failure /docs/latest/avi-se-behavior-on-gateway-monitor-failure
Redirect 301 /avi-service-engine-group-options /docs/latest/avi-service-engine-group-options
Redirect 301 /avi-service-engine-group-options /docs/latest/avi-service-engine-group-options
Redirect 301 /avi-vantage-16-1-1-release-notes /docs/latest/avi-vantage-16-1-1-release-notes
Redirect 301 /avi-vantage-16-1-1-release-notes /docs/latest/avi-vantage-16-1-1-release-notes
Redirect 301 /avi-vantage-16-1-2-release-notes /docs/latest/avi-vantage-16-1-2-release-notes
Redirect 301 /avi-vantage-16-1-2-release-notes /docs/latest/avi-vantage-16-1-2-release-notes
Redirect 301 /avi-vantage-16-1-3-release-notes /docs/latest/avi-vantage-16-1-3-release-notes
Redirect 301 /avi-vantage-16-1-3-release-notes /docs/latest/avi-vantage-16-1-3-release-notes
Redirect 301 /avi-vantage-16-1-4-release-notes /docs/latest/avi-vantage-16-1-4-release-notes
Redirect 301 /avi-vantage-16-1-4-release-notes /docs/latest/avi-vantage-16-1-4-release-notes
Redirect 301 /avi-vantage-16-1-5-release-notes /docs/latest/avi-vantage-16-1-5-release-notes
Redirect 301 /avi-vantage-16-1-5-release-notes /docs/latest/avi-vantage-16-1-5-release-notes
Redirect 301 /avi-vantage-16-1-6-release-notes /docs/latest/avi-vantage-16-1-6-release-notes
Redirect 301 /avi-vantage-16-1-6-release-notes /docs/latest/avi-vantage-16-1-6-release-notes
Redirect 301 /avi-vantage-16-1-7-release-notes /docs/latest/avi-vantage-16-1-7-release-notes
Redirect 301 /avi-vantage-16-1-7-release-notes /docs/latest/avi-vantage-16-1-7-release-notes
Redirect 301 /avi-vantage-16-2-1-release-notes /docs/latest/avi-vantage-16-2-1-release-notes
Redirect 301 /avi-vantage-16-2-1-release-notes /docs/latest/avi-vantage-16-2-1-release-notes
Redirect 301 /avi-vantage-16-2-2-release-notes /docs/latest/avi-vantage-16-2-2-release-notes
Redirect 301 /avi-vantage-16-2-2-release-notes /docs/latest/avi-vantage-16-2-2-release-notes
Redirect 301 /avi-vantage-16-2-release-notes /docs/latest/avi-vantage-16-2-release-notes
Redirect 301 /avi-vantage-16-2-release-notes /docs/latest/avi-vantage-16-2-release-notes
Redirect 301 /avi-vantage-integration-with-rancheros /docs/latest/avi-vantage-integration-with-rancheros
Redirect 301 /avi-vantage-integration-with-rancheros /docs/latest/avi-vantage-integration-with-rancheros
Redirect 301 /avi-vantage-integration-with-safenet-network-hsm /docs/latest/avi-vantage-integration-with-safenet-network-hsm
Redirect 301 /avi-vantage-integration-with-safenet-network-hsm /docs/latest/avi-vantage-integration-with-safenet-network-hsm
Redirect 301 /avi-vantage-integration-with-safenet-network-hsm-16-2-2 /docs/latest
Redirect 301 /avi-vantage-license-management /docs/latest/avi-vantage-license-management
Redirect 301 /avi-vantage-license-management /docs/latest/avi-vantage-license-management
Redirect 301 /avi-vantage-openshift-installation-guide /docs/latest/avi-vantage-openshift-installation-guide
Redirect 301 /avi-vantage-openshift-installation-guide /docs/latest/avi-vantage-openshift-installation-guide
Redirect 301 /avi-vantage-release-notes /docs/latest/avi-vantage-release-notes
Redirect 301 /avi-vantage-release-notes /docs/latest/avi-vantage-release-notes
Redirect 301 /aws-linux-cloud-with-no-access-mode /docs/latest/aws-linux-cloud-with-no-access-mode
Redirect 301 /aws-linux-cloud-with-no-access-mode /docs/latest/aws-linux-cloud-with-no-access-mode
Redirect 301 /backup-and-restore-of-avi-vantage-configuration /docs/latest/backup-and-restore-of-avi-vantage-configuration
Redirect 301 /backup-and-restore-of-avi-vantage-configuration /docs/latest/backup-and-restore-of-avi-vantage-configuration
Redirect 301 /backup-the-configuration /docs/latest/backup-the-configuration
Redirect 301 /backup-the-configuration /docs/latest/backup-the-configuration
Redirect 301 /bgp-support-for-virtual-services /docs/latest/bgp-support-for-virtual-services
Redirect 301 /bgp-support-for-virtual-services /docs/latest/bgp-support-for-virtual-services
Redirect 301 /block-an-ip-address-to-a-virtual-service /docs/latest/block-an-ip-address-to-a-virtual-service
Redirect 301 /block-an-ip-address-to-a-virtual-service /docs/latest/block-an-ip-address-to-a-virtual-service
Redirect 301 /certificate-management-integration-for-csr-automation /docs/latest/certificate-management-integration-for-csr-automation
Redirect 301 /certificate-management-integration-for-csr-automation /docs/latest/certificate-management-integration-for-csr-automation
Redirect 301 /changing-avi-controller-cluster-configuration /docs/latest/changing-avi-controller-cluster-configuration
Redirect 301 /changing-avi-controller-cluster-configuration /docs/latest/changing-avi-controller-cluster-configuration
Redirect 301 /cli-access /docs/latest/cli-access
Redirect 301 /cli-access /docs/latest/cli-access
Redirect 301 /cli-installing-the-cli-shell /docs/latest/cli-installing-the-cli-shell
Redirect 301 /cli-installing-the-cli-shell /docs/latest/cli-installing-the-cli-shell
Redirect 301 /clickjacking-protection /docs/latest/clickjacking-protection
Redirect 301 /clickjacking-protection /docs/latest/clickjacking-protection
Redirect 301 /client-ip-address-and-the-x-forwarded-for-header /docs/latest/client-ip-address-and-the-x-forwarded-for-header
Redirect 301 /client-ip-address-and-the-x-forwarded-for-header /docs/latest/client-ip-address-and-the-x-forwarded-for-header
Redirect 301 /client-ip-persistence /docs/latest/client-ip-persistence
Redirect 301 /client-ip-persistence /docs/latest/client-ip-persistence
Redirect 301 /client-log-levels /docs/latest/client-log-levels
Redirect 301 /client-log-levels /docs/latest/client-log-levels
Redirect 301 /client-ssl-certificate-validation /docs/latest/client-ssl-certificate-validation
Redirect 301 /client-ssl-certificate-validation /docs/latest/client-ssl-certificate-validation
Redirect 301 /cluster-operational-changes /docs/latest/cluster-operational-changes
Redirect 301 /cluster-operational-changes /docs/latest/cluster-operational-changes
Redirect 301 /clustering-controllers-from-different-networks /docs/latest/clustering-controllers-from-different-networks
Redirect 301 /clustering-controllers-from-different-networks /docs/latest/clustering-controllers-from-different-networks
Redirect 301 /collecting-tech-support-logs /docs/latest/collecting-tech-support-logs
Redirect 301 /collecting-tech-support-logs /docs/latest/collecting-tech-support-logs
Redirect 301 /comparing-past-and-present-se-group-ha-modes /docs/latest/comparing-past-and-present-se-group-ha-modes
Redirect 301 /comparing-past-and-present-se-group-ha-modes /docs/latest/comparing-past-and-present-se-group-ha-modes
Redirect 301 /configure-controller-ha-cluster /docs/latest/configure-controller-ha-cluster
Redirect 301 /configure-controller-ha-cluster /docs/latest/configure-controller-ha-cluster
Redirect 301 /configure-stronger-ssl-cipher-strength /docs/latest/configure-stronger-ssl-cipher-strength
Redirect 301 /configure-stronger-ssl-cipher-strength /docs/latest/configure-stronger-ssl-cipher-strength
Redirect 301 /configuring-a-tag-for-auto-created-ses-in-aws /docs/latest/configuring-a-tag-for-auto-created-ses-in-aws
Redirect 301 /configuring-a-tag-for-auto-created-ses-in-aws /docs/latest/configuring-a-tag-for-auto-created-ses-in-aws
Redirect 301 /configuring-ansible-for-avi-vantage /docs/latest/configuring-ansible-for-avi-vantage
Redirect 301 /configuring-ansible-for-avi-vantage /docs/latest/configuring-ansible-for-avi-vantage
Redirect 301 /connection-multiplex /docs/latest/connection-multiplex
Redirect 301 /connection-multiplex /docs/latest/connection-multiplex
Redirect 301 /controller-cluster-ip /docs/latest/controller-cluster-ip
Redirect 301 /controller-cluster-ip /docs/latest/controller-cluster-ip
Redirect 301 /controller-to-service-engine-communication /docs/latest/controller-to-service-engine-communication
Redirect 301 /controller-to-service-engine-communication /docs/latest/controller-to-service-engine-communication
Redirect 301 /creating-applications-in-mesos-with-marathon-labels /docs/latest/creating-applications-in-mesos-with-marathon-labels
Redirect 301 /creating-applications-in-mesos-with-marathon-labels /docs/latest/creating-applications-in-mesos-with-marathon-labels
Redirect 301 /crl-validation-options /docs/latest/crl-validation-options
Redirect 301 /crl-validation-options /docs/latest/crl-validation-options
Redirect 301 /ctlr-cfg-update-after-ip-change /docs/latest/ctlr-cfg-update-after-ip-change
Redirect 301 /ctlr-cfg-update-after-ip-change /docs/latest/ctlr-cfg-update-after-ip-change
Redirect 301 /custom-http-header-persistence /docs/latest/custom-http-header-persistence
Redirect 301 /custom-http-header-persistence /docs/latest/custom-http-header-persistence
Redirect 301 /custom-persistence-with-datascript /docs/latest/custom-persistence-with-datascript
Redirect 301 /custom-persistence-with-datascript /docs/latest/custom-persistence-with-datascript
Redirect 301 /cve-2015-7547 /docs/latest/cve-2015-7547
Redirect 301 /cve-2015-7547 /docs/latest/cve-2015-7547
Redirect 301 /cve-2016-0728 /docs/latest/cve-2016-0728
Redirect 301 /cve-2016-0728 /docs/latest/cve-2016-0728
Redirect 301 /datascript-avi-crypto-decrypt /docs/latest/datascript-avi-crypto-decrypt
Redirect 301 /datascript-avi-crypto-decrypt /docs/latest/datascript-avi-crypto-decrypt
Redirect 301 /datascript-avi-crypto-encrypt /docs/latest/datascript-avi-crypto-encrypt
Redirect 301 /datascript-avi-crypto-encrypt /docs/latest/datascript-avi-crypto-encrypt
Redirect 301 /datascript-avi-http-add_cookie /docs/latest/datascript-avi-http-add_cookie
Redirect 301 /datascript-avi-http-add_cookie /docs/latest/datascript-avi-http-add_cookie
Redirect 301 /datascript-avi-http-add_header /docs/latest/datascript-avi-http-add_header
Redirect 301 /datascript-avi-http-add_header /docs/latest/datascript-avi-http-add_header
Redirect 301 /datascript-avi-http-close_conn /docs/latest/datascript-avi-http-close_conn
Redirect 301 /datascript-avi-http-close_conn /docs/latest/datascript-avi-http-close_conn
Redirect 301 /datascript-avi-http-cookie_exists /docs/latest/datascript-avi-http-cookie_exists
Redirect 301 /datascript-avi-http-cookie_exists /docs/latest/datascript-avi-http-cookie_exists
Redirect 301 /datascript-avi-http-get_cookie /docs/latest/datascript-avi-http-get_cookie
Redirect 301 /datascript-avi-http-get_cookie /docs/latest/datascript-avi-http-get_cookie
Redirect 301 /datascript-avi-http-get_cookie_names /docs/latest/datascript-avi-http-get_cookie_names
Redirect 301 /datascript-avi-http-get_cookie_names /docs/latest/datascript-avi-http-get_cookie_names
Redirect 301 /datascript-avi-http-get_header /docs/latest/datascript-avi-http-get_header
Redirect 301 /datascript-avi-http-get_header /docs/latest/datascript-avi-http-get_header
Redirect 301 /datascript-avi-http-get_path /docs/latest/datascript-avi-http-get_path
Redirect 301 /datascript-avi-http-get_path /docs/latest/datascript-avi-http-get_path
Redirect 301 /datascript-avi-http-get_path_tokens /docs/latest/datascript-avi-http-get_path_tokens
Redirect 301 /datascript-avi-http-get_path_tokens /docs/latest/datascript-avi-http-get_path_tokens
Redirect 301 /datascript-avi-http-get_query /docs/latest/datascript-avi-http-get_query
Redirect 301 /datascript-avi-http-get_query /docs/latest/datascript-avi-http-get_query
Redirect 301 /datascript-avi-http-get_uri /docs/latest/datascript-avi-http-get_uri
Redirect 301 /datascript-avi-http-get_uri /docs/latest/datascript-avi-http-get_uri
Redirect 301 /datascript-avi-http-get_userid /docs/latest/datascript-avi-http-get_userid
Redirect 301 /datascript-avi-http-get_userid /docs/latest/datascript-avi-http-get_userid
Redirect 301 /datascript-avi-http-hostname /docs/latest/datascript-avi-http-hostname
Redirect 301 /datascript-avi-http-hostname /docs/latest/datascript-avi-http-hostname
Redirect 301 /datascript-avi-http-method /docs/latest/datascript-avi-http-method
Redirect 301 /datascript-avi-http-method /docs/latest/datascript-avi-http-method
Redirect 301 /datascript-avi-http-protocol /docs/latest/datascript-avi-http-protocol
Redirect 301 /datascript-avi-http-protocol /docs/latest/datascript-avi-http-protocol
Redirect 301 /datascript-avi-http-redirect /docs/latest/datascript-avi-http-redirect
Redirect 301 /datascript-avi-http-redirect /docs/latest/datascript-avi-http-redirect
Redirect 301 /datascript-avi-http-remove_cookie /docs/latest/datascript-avi-http-remove_cookie
Redirect 301 /datascript-avi-http-remove_cookie /docs/latest/datascript-avi-http-remove_cookie
Redirect 301 /datascript-avi-http-remove_header /docs/latest/datascript-avi-http-remove_header
Redirect 301 /datascript-avi-http-remove_header /docs/latest/datascript-avi-http-remove_header
Redirect 301 /datascript-avi-http-replace_cookie /docs/latest/datascript-avi-http-replace_cookie
Redirect 301 /datascript-avi-http-replace_cookie /docs/latest/datascript-avi-http-replace_cookie
Redirect 301 /datascript-avi-http-replace_header /docs/latest/datascript-avi-http-replace_header
Redirect 301 /datascript-avi-http-replace_header /docs/latest/datascript-avi-http-replace_header
Redirect 301 /datascript-avi-http-response /docs/latest/datascript-avi-http-response
Redirect 301 /datascript-avi-http-response /docs/latest/datascript-avi-http-response
Redirect 301 /datascript-avi-http-scheme /docs/latest/datascript-avi-http-scheme
Redirect 301 /datascript-avi-http-scheme /docs/latest/datascript-avi-http-scheme
Redirect 301 /datascript-avi-http-secure /docs/latest/datascript-avi-http-secure
Redirect 301 /datascript-avi-http-secure /docs/latest/datascript-avi-http-secure
Redirect 301 /datascript-avi-http-set_path /docs/latest/datascript-avi-http-set_path
Redirect 301 /datascript-avi-http-set_path /docs/latest/datascript-avi-http-set_path
Redirect 301 /datascript-avi-http-set_query /docs/latest/datascript-avi-http-set_query
Redirect 301 /datascript-avi-http-set_query /docs/latest/datascript-avi-http-set_query
Redirect 301 /datascript-avi-http-set_uri /docs/latest/datascript-avi-http-set_uri
Redirect 301 /datascript-avi-http-set_uri /docs/latest/datascript-avi-http-set_uri
Redirect 301 /datascript-avi-http-set_userid /docs/latest/datascript-avi-http-set_userid
Redirect 301 /datascript-avi-http-set_userid /docs/latest/datascript-avi-http-set_userid
Redirect 301 /datascript-avi-http-status /docs/latest/datascript-avi-http-status
Redirect 301 /datascript-avi-http-status /docs/latest/datascript-avi-http-status
Redirect 301 /datascript-avi-http_host_tokens /docs/latest/datascript-avi-http_host_tokens
Redirect 301 /datascript-avi-http_host_tokens /docs/latest/datascript-avi-http_host_tokens
Redirect 301 /datascript-avi-pool-get_server_status /docs/latest/datascript-avi-pool-get_server_status
Redirect 301 /datascript-avi-pool-get_server_status /docs/latest/datascript-avi-pool-get_server_status
Redirect 301 /datascript-avi-pool-get_servers /docs/latest/datascript-avi-pool-get_servers
Redirect 301 /datascript-avi-pool-get_servers /docs/latest/datascript-avi-pool-get_servers
Redirect 301 /datascript-avi-pool-select /docs/latest/datascript-avi-pool-select
Redirect 301 /datascript-avi-pool-select /docs/latest/datascript-avi-pool-select
Redirect 301 /datascript-avi-pool-server_ip /docs/latest/datascript-avi-pool-server_ip
Redirect 301 /datascript-avi-pool-server_ip /docs/latest/datascript-avi-pool-server_ip
Redirect 301 /datascript-avi-ssl-cipher /docs/latest/datascript-avi-ssl-cipher
Redirect 301 /datascript-avi-ssl-cipher /docs/latest/datascript-avi-ssl-cipher
Redirect 301 /datascript-avi-ssl-client_cert /docs/latest/datascript-avi-ssl-client_cert
Redirect 301 /datascript-avi-ssl-client_cert /docs/latest/datascript-avi-ssl-client_cert
Redirect 301 /datascript-avi-ssl-protocol /docs/latest/datascript-avi-ssl-protocol
Redirect 301 /datascript-avi-ssl-protocol /docs/latest/datascript-avi-ssl-protocol
Redirect 301 /datascript-avi-ssl-server_name /docs/latest/datascript-avi-ssl-server_name
Redirect 301 /datascript-avi-ssl-server_name /docs/latest/datascript-avi-ssl-server_name
Redirect 301 /datascript-avi-vs-client_ip /docs/latest/datascript-avi-vs-client_ip
Redirect 301 /datascript-avi-vs-client_ip /docs/latest/datascript-avi-vs-client_ip
Redirect 301 /datascript-avi-vs-client_port /docs/latest/datascript-avi-vs-client_port
Redirect 301 /datascript-avi-vs-client_port /docs/latest/datascript-avi-vs-client_port
Redirect 301 /datascript-avi-vs-ip /docs/latest/datascript-avi-vs-ip
Redirect 301 /datascript-avi-vs-ip /docs/latest/datascript-avi-vs-ip
Redirect 301 /datascript-avi-vs-log /docs/latest/datascript-avi-vs-log
Redirect 301 /datascript-avi-vs-log /docs/latest/datascript-avi-vs-log
Redirect 301 /datascript-avi-vs-name /docs/latest/datascript-avi-vs-name
Redirect 301 /datascript-avi-vs-name /docs/latest/datascript-avi-vs-name
Redirect 301 /datascript-avi-vs-port /docs/latest/datascript-avi-vs-port
Redirect 301 /datascript-avi-vs-port /docs/latest/datascript-avi-vs-port
Redirect 301 /datascript-avi-vs-reqvar /docs/latest/datascript-avi-vs-reqvar
Redirect 301 /datascript-avi-vs-reqvar /docs/latest/datascript-avi-vs-reqvar
Redirect 301 /datascript-avi-vs-table_insert /docs/latest/datascript-avi-vs-table_insert
Redirect 301 /datascript-avi-vs-table_insert /docs/latest/datascript-avi-vs-table_insert
Redirect 301 /datascript-avi-vs-table_lookup /docs/latest/datascript-avi-vs-table_lookup
Redirect 301 /datascript-avi-vs-table_lookup /docs/latest/datascript-avi-vs-table_lookup
Redirect 301 /datascript-avi-vs-table_refresh /docs/latest/datascript-avi-vs-table_refresh
Redirect 301 /datascript-avi-vs-table_refresh /docs/latest/datascript-avi-vs-table_refresh
Redirect 301 /datascript-avi-vs-table_remove /docs/latest/datascript-avi-vs-table_remove
Redirect 301 /datascript-avi-vs-table_remove /docs/latest/datascript-avi-vs-table_remove
Redirect 301 /datascript-constants /docs/latest/datascript-constants
Redirect 301 /datascript-constants /docs/latest/datascript-constants
Redirect 301 /datascript-events /docs/latest/datascript-events
Redirect 301 /datascript-events /docs/latest/datascript-events
Redirect 301 /datascript-execution-priority /docs/latest/datascript-execution-priority
Redirect 301 /datascript-execution-priority /docs/latest/datascript-execution-priority
Redirect 301 /datascript-functions /docs/latest/datascript-functions
Redirect 301 /datascript-functions /docs/latest/datascript-functions
Redirect 301 /datascript-operators /docs/latest/datascript-operators
Redirect 301 /datascript-operators /docs/latest/datascript-operators
Redirect 301 /datascript-string-beginswith /docs/latest/datascript-string-beginswith
Redirect 301 /datascript-string-beginswith /docs/latest/datascript-string-beginswith
Redirect 301 /datascript-string-contains /docs/latest/datascript-string-contains
Redirect 301 /datascript-string-contains /docs/latest/datascript-string-contains
Redirect 301 /datascript-string-endswith /docs/latest/datascript-string-endswith
Redirect 301 /datascript-string-endswith /docs/latest/datascript-string-endswith
Redirect 301 /datascript-string-len /docs/latest/datascript-string-len
Redirect 301 /datascript-string-len /docs/latest/datascript-string-len
Redirect 301 /datascript-string-lower /docs/latest/datascript-string-lower
Redirect 301 /datascript-string-lower /docs/latest/datascript-string-lower
Redirect 301 /datascript-string-sub /docs/latest/datascript-string-sub
Redirect 301 /datascript-string-sub /docs/latest/datascript-string-sub
Redirect 301 /datascript-string-upper /docs/latest/datascript-string-upper
Redirect 301 /datascript-string-upper /docs/latest/datascript-string-upper
Redirect 301 /datascript-troubleshooting-rules /docs/latest/datascript-troubleshooting-rules
Redirect 301 /datascript-troubleshooting-rules /docs/latest/datascript-troubleshooting-rules
Redirect 301 /ddos-attacks-mitigated /docs/latest/ddos-attacks-mitigated
Redirect 301 /ddos-attacks-mitigated /docs/latest/ddos-attacks-mitigated
Redirect 301 /default-system-accounts /docs/latest/default-system-accounts
Redirect 301 /definition-of-throughput /docs/latest/definition-of-throughput
Redirect 301 /definition-of-throughput /docs/latest/definition-of-throughput
Redirect 301 /deploy-ses-in-different-data-centers-from-controllers /docs/latest/deploy-ses-in-different-data-centers-from-controllers
Redirect 301 /deploy-ses-in-different-data-centers-from-controllers /docs/latest/deploy-ses-in-different-data-centers-from-controllers
Redirect 301 /deploy-vantage-with-lync-2013 /docs/latest/deploy-vantage-with-lync-2013
Redirect 301 /deploy-vantage-with-lync-2013 /docs/latest/deploy-vantage-with-lync-2013
Redirect 301 /deploying-avi-vantage-for-vmware-vcenter-2 /docs/latest/deploying-avi-vantage-for-vmware-vcenter-2
Redirect 301 /deploying-avi-vantage-for-vmware-vcenter-2 /docs/latest/deploying-avi-vantage-for-vmware-vcenter-2
Redirect 301 /detecting-server-maintenance-mode-with-a-health-monitor /docs/latest/detecting-server-maintenance-mode-with-a-health-monitor
Redirect 301 /detecting-server-maintenance-mode-with-a-health-monitor /docs/latest/detecting-server-maintenance-mode-with-a-health-monitor
Redirect 301 /determine-software-version /docs/latest/determine-software-version
Redirect 301 /determine-software-version /docs/latest/determine-software-version
Redirect 301 /determine-vs-throughput-from-the-api /docs/latest/determine-vs-throughput-from-the-api
Redirect 301 /determine-vs-throughput-from-the-api /docs/latest/determine-vs-throughput-from-the-api
Redirect 301 /determine-when-an-object-was-created-modified-deleted /docs/latest/determine-when-an-object-was-created-modified-deleted
Redirect 301 /determine-when-an-object-was-created-modified-deleted /docs/latest/determine-when-an-object-was-created-modified-deleted
Redirect 301 /difference-between-virtual-service-and-virtual-ip /docs/latest/difference-between-virtual-service-and-virtual-ip
Redirect 301 /difference-between-virtual-service-and-virtual-ip /docs/latest/difference-between-virtual-service-and-virtual-ip
Redirect 301 /disable-a-virtual-service /docs/latest/disable-a-virtual-service
Redirect 301 /disable-a-virtual-service /docs/latest/disable-a-virtual-service
Redirect 301 /disable-se /docs/latest/disable-se
Redirect 301 /disable-se /docs/latest/disable-se
Redirect 301 /disabling-back-end-servers-for-maintenance /docs/latest/disabling-back-end-servers-for-maintenance
Redirect 301 /disabling-back-end-servers-for-maintenance /docs/latest/disabling-back-end-servers-for-maintenance
Redirect 301 /distributed-denial-of-service /docs/latest/distributed-denial-of-service
Redirect 301 /distributed-denial-of-service /docs/latest/distributed-denial-of-service
Redirect 301 /dns-health-monitor /docs/latest/dns-health-monitor
Redirect 301 /dns-health-monitor /docs/latest/dns-health-monitor
Redirect 301 /dns-ntp-settings /docs/latest/dns-ntp-settings
Redirect 301 /dns-ntp-settings /docs/latest/dns-ntp-settings
Redirect 301 /docs/configuration-guide /docs/latest/configuration-guide
Redirect 301 /ecc-versus-rsa-certificate-priority /docs/latest/ecc-versus-rsa-certificate-priority
Redirect 301 /ecc-versus-rsa-certificate-priority /docs/latest/ecc-versus-rsa-certificate-priority
Redirect 301 /elastic-ha-for-avi-service-engines-16-2 /docs/latest/elastic-ha-for-avi-service-engines-16-2
Redirect 301 /elastic-ha-for-avi-service-engines-16-2 /docs/latest/elastic-ha-for-avi-service-engines-16-2
Redirect 301 /email-smtp /docs/latest/email-smtp
Redirect 301 /email-smtp /docs/latest/email-smtp
Redirect 301 /enable-client-insights-navigation-timing /docs/latest/enable-client-insights-navigation-timing
Redirect 301 /enable-client-insights-navigation-timing /docs/latest/enable-client-insights-navigation-timing
Redirect 301 /end-of-support-schedule /docs/latest/end-of-support-schedule
Redirect 301 /end-of-support-schedule /docs/latest/end-of-support-schedule
Redirect 301 /events-list /docs/latest/events-list
Redirect 301 /events-list /docs/latest/events-list
Redirect 301 /events-overview /docs/latest/events-overview
Redirect 301 /events-overview /docs/latest/events-overview
Redirect 301 /events-that-trigger-significant-logs /docs/latest/events-that-trigger-significant-logs
Redirect 301 /events-that-trigger-significant-logs /docs/latest/events-that-trigger-significant-logs
Redirect 301 /example-custom-alert-notification /docs/latest/example-custom-alert-notification
Redirect 301 /example-custom-alert-notification /docs/latest/example-custom-alert-notification
Redirect 301 /excluding-unwanted-messages-from-client-logs /docs/latest/excluding-unwanted-messages-from-client-logs
Redirect 301 /excluding-unwanted-messages-from-client-logs /docs/latest/excluding-unwanted-messages-from-client-logs
Redirect 301 /explanation-of-avi-vantage-version-numbers /docs/latest/explanation-of-avi-vantage-version-numbers
Redirect 301 /explanation-of-avi-vantage-version-numbers /docs/latest/explanation-of-avi-vantage-version-numbers
Redirect 301 /external-health-monitor /docs/latest/external-health-monitor
Redirect 301 /external-health-monitor /docs/latest/external-health-monitor
Redirect 301 /find-virtual-service-uuid /docs/latest/find-virtual-service-uuid
Redirect 301 /find-virtual-service-uuid /docs/latest/find-virtual-service-uuid
Redirect 301 /gateway-monitoring-for-legacy-ha /docs/latest/gateway-monitoring-for-legacy-ha
Redirect 301 /gateway-monitoring-for-legacy-ha /docs/latest/gateway-monitoring-for-legacy-ha
Redirect 301 /geo-location-database /docs/latest/geo-location-database
Redirect 301 /geo-location-database /docs/latest/geo-location-database
Redirect 301 /graphs-do-not-load-in-gui /docs/latest/graphs-do-not-load-in-gui
Redirect 301 /graphs-do-not-load-in-gui /docs/latest/graphs-do-not-load-in-gui
Redirect 301 /gslb-integration-with-f5-gtm /docs/latest/gslb-integration-with-f5-gtm
Redirect 301 /gslb-integration-with-f5-gtm /docs/latest/gslb-integration-with-f5-gtm
Redirect 301 /ha-for-avi-controllers /docs/latest/ha-for-avi-controllers
Redirect 301 /ha-for-avi-controllers /docs/latest/ha-for-avi-controllers
Redirect 301 /health-monitor-troubleshooting /docs/latest/health-monitor-troubleshooting
Redirect 301 /health-monitor-troubleshooting /docs/latest/health-monitor-troubleshooting
Redirect 301 /http-basic-auth-for-api-queries /docs/latest/http-basic-auth-for-api-queries
Redirect 301 /http-basic-auth-for-api-queries /docs/latest/http-basic-auth-for-api-queries
Redirect 301 /http-cache-configuration-via-cli /docs/latest/http-cache-configuration-via-cli
Redirect 301 /http-cache-configuration-via-cli /docs/latest/http-cache-configuration-via-cli
Redirect 301 /http-cookie-encryption-gateway /docs/latest/http-cookie-encryption-gateway
Redirect 301 /http-cookie-encryption-gateway /docs/latest/http-cookie-encryption-gateway
Redirect 301 /http-cookie-persistence /docs/latest/http-cookie-persistence
Redirect 301 /http-cookie-persistence /docs/latest/http-cookie-persistence
Redirect 301 /http-health-monitor /docs/latest/http-health-monitor
Redirect 301 /http-health-monitor /docs/latest/http-health-monitor
Redirect 301 /http-request-policy /docs/latest/http-request-policy
Redirect 301 /http-request-policy /docs/latest/http-request-policy
Redirect 301 /http-request-queuing /docs/latest/http-request-queuing
Redirect 301 /http-request-queuing /docs/latest/http-request-queuing
Redirect 301 /http-response-policy /docs/latest/http-response-policy
Redirect 301 /http-response-policy /docs/latest/http-response-policy
Redirect 301 /http-security-policy /docs/latest/http-security-policy
Redirect 301 /http-security-policy /docs/latest/http-security-policy
Redirect 301 /http-server-reselect /docs/latest/http-server-reselect
Redirect 301 /http-server-reselect /docs/latest/http-server-reselect
Redirect 301 /https-health-monitor /docs/latest/https-health-monitor
Redirect 301 /https-health-monitor /docs/latest/https-health-monitor
Redirect 301 /https-responses-not-served-from-cache /docs/latest/https-responses-not-served-from-cache
Redirect 301 /https-responses-not-served-from-cache /docs/latest/https-responses-not-served-from-cache
Redirect 301 /hypervisor-reports-high-cpu-utilization-of-service-engine /docs/latest/hypervisor-reports-high-cpu-utilization-of-service-engine
Redirect 301 /hypervisor-reports-high-cpu-utilization-of-service-engine /docs/latest/hypervisor-reports-high-cpu-utilization-of-service-engine
Redirect 301 /iam-role-setup-for-installation-into-aws /docs/latest/iam-role-setup-for-installation-into-aws
Redirect 301 /iam-role-setup-for-installation-into-aws /docs/latest/iam-role-setup-for-installation-into-aws
Redirect 301 /impact-of-a-controller-failure /docs/latest/impact-of-a-controller-failure
Redirect 301 /impact-of-a-controller-failure /docs/latest/impact-of-a-controller-failure
Redirect 301 /impact-of-license-expiration /docs/latest/impact-of-license-expiration
Redirect 301 /impact-of-license-expiration /docs/latest/impact-of-license-expiration
Redirect 301 /install-vantage-on-laptop-with-fusion /docs/latest/install-vantage-on-laptop-with-fusion
Redirect 301 /install-vantage-on-laptop-with-fusion /docs/latest/install-vantage-on-laptop-with-fusion
Redirect 301 /installing-avi-integration-with-mesos-in-aws /docs/latest/installing-avi-integration-with-mesos-in-aws
Redirect 301 /installing-avi-integration-with-mesos-in-aws /docs/latest/installing-avi-integration-with-mesos-in-aws
Redirect 301 /installing-avi-vantage-for-a-linux-server-cloud /docs/latest/installing-avi-vantage-for-a-linux-server-cloud
Redirect 301 /installing-avi-vantage-for-a-linux-server-cloud /docs/latest/installing-avi-vantage-for-a-linux-server-cloud
Redirect 301 /installing-avi-vantage-for-a-linux-server-cloud-16-2 /docs/latest/installing-avi-vantage-for-a-linux-server-cloud-16-2
Redirect 301 /installing-avi-vantage-for-a-linux-server-cloud-16-2 /docs/latest/installing-avi-vantage-for-a-linux-server-cloud-16-2
Redirect 301 /installing-avi-vantage-for-cisco-apic-16-2 /docs/latest/installing-avi-vantage-for-cisco-apic-16-2
Redirect 301 /installing-avi-vantage-for-cisco-apic-16-2 /docs/latest/installing-avi-vantage-for-cisco-apic-16-2
Redirect 301 /installing-avi-vantage-for-cisco-application-policy-infrastructure /docs/latest/installing-avi-vantage-for-cisco-application-policy-infrastructure
Redirect 301 /installing-avi-vantage-for-cisco-application-policy-infrastructure /docs/latest/installing-avi-vantage-for-cisco-application-policy-infrastructure
Redirect 301 /installing-avi-vantage-for-cisco-application-policy-infrastructure-controller-16-1 /docs/latest/installing-avi-vantage-for-cisco-application-policy-infrastructure-controller-16-1
Redirect 301 /installing-avi-vantage-for-cisco-application-policy-infrastructure-controller-16-1 /docs/latest/installing-avi-vantage-for-cisco-application-policy-infrastructure-controller-16-1
Redirect 301 /installing-avi-vantage-for-csp-2100 /docs/latest/installing-avi-vantage-for-csp-2100
Redirect 301 /installing-avi-vantage-for-csp-2100 /docs/latest/installing-avi-vantage-for-csp-2100
Redirect 301 /installing-avi-vantage-for-openstack-16-1 /docs/latest/installing-avi-vantage-for-openstack-16-1
Redirect 301 /installing-avi-vantage-for-openstack-16-1 /docs/latest/installing-avi-vantage-for-openstack-16-1
Redirect 301 /installing-avi-vantage-for-openstack-16-2 /docs/latest/installing-avi-vantage-for-openstack-16-2
Redirect 301 /installing-avi-vantage-for-openstack-16-2 /docs/latest/installing-avi-vantage-for-openstack-16-2
Redirect 301 /installing-avi-vantage-for-openstack-2 /docs/latest/installing-avi-vantage-for-openstack-2
Redirect 301 /installing-avi-vantage-for-openstack-2 /docs/latest/installing-avi-vantage-for-openstack-2
Redirect 301 /installing-avi-vantage-for-vmware-vcenter-16-2 /docs/latest/installing-avi-vantage-for-vmware-vcenter-16-2
Redirect 301 /installing-avi-vantage-for-vmware-vcenter-16-2 /docs/latest/installing-avi-vantage-for-vmware-vcenter-16-2
Redirect 301 /installing-avi-vantage-for-vmware-vcenter-16-2-1 /docs/latest/installing-avi-vantage-for-vmware-vcenter-16-2-1
Redirect 301 /installing-avi-vantage-for-vmware-vcenter-16-2-1 /docs/latest/installing-avi-vantage-for-vmware-vcenter-16-2-1
Redirect 301 /installing-avi-vantage-for-vmware-vcenter_16_1 /docs/latest/installing-avi-vantage-for-vmware-vcenter_16_1
Redirect 301 /installing-avi-vantage-for-vmware-vcenter_16_1 /docs/latest/installing-avi-vantage-for-vmware-vcenter_16_1
Redirect 301 /installing-avi-vantage-in-amazon-web-services /docs/latest/installing-avi-vantage-in-amazon-web-services
Redirect 301 /installing-avi-vantage-in-amazon-web-services /docs/latest/installing-avi-vantage-in-amazon-web-services
Redirect 301 /installing-avi-vantage-in-amazon-web-services-16-2 /docs/latest/installing-avi-vantage-in-amazon-web-services-16-2
Redirect 301 /installing-avi-vantage-in-amazon-web-services-16-2 /docs/latest/installing-avi-vantage-in-amazon-web-services-16-2
Redirect 301 /installing-avi-vantage-in-an-aws-hosted-mesos-cluster /docs/latest/installing-avi-vantage-in-an-aws-hosted-mesos-cluster
Redirect 301 /installing-avi-vantage-in-an-aws-hosted-mesos-cluster /docs/latest/installing-avi-vantage-in-an-aws-hosted-mesos-cluster
Redirect 301 /installing-avi-vantage-on-bare-metal-2 /docs/latest/installing-avi-vantage-on-bare-metal-2
Redirect 301 /installing-avi-vantage-on-bare-metal-2 /docs/latest/installing-avi-vantage-on-bare-metal-2
Redirect 301 /installing-avi-vantage-with-mesosphere-dcos-16-2 /docs/latest/installing-avi-vantage-with-mesosphere-dcos-16-2
Redirect 301 /installing-avi-vantage-with-mesosphere-dcos-16-2 /docs/latest/installing-avi-vantage-with-mesosphere-dcos-16-2
Redirect 301 /installing-avi-vantage-with-mesosphere-dcos-on-premises /docs/latest/installing-avi-vantage-with-mesosphere-dcos-on-premises
Redirect 301 /installing-avi-vantage-with-mesosphere-dcos-on-premises /docs/latest/installing-avi-vantage-with-mesosphere-dcos-on-premises
Redirect 301 /installing-avi-vantage-with-open-dcos-or-enterprise-dcos /docs/latest/installing-avi-vantage-with-open-dcos-or-enterprise-dcos
Redirect 301 /installing-avi-vantage-with-open-dcos-or-enterprise-dcos /docs/latest/installing-avi-vantage-with-open-dcos-or-enterprise-dcos
Redirect 301 /installing-mesos-in-aws-using-the-cli-16-1 /docs/latest/installing-mesos-in-aws-using-the-cli-16-1
Redirect 301 /installing-mesos-in-aws-using-the-cli-16-1 /docs/latest/installing-mesos-in-aws-using-the-cli-16-1
Redirect 301 /installing-the-lbaas-driver-cli-shell-openstack /docs/latest/installing-the-lbaas-driver-cli-shell-openstack
Redirect 301 /installing-the-lbaas-driver-cli-shell-openstack /docs/latest/installing-the-lbaas-driver-cli-shell-openstack
Redirect 301 /ipam-and-dns-16-2-x /docs/latest/ipam-and-dns-16-2-x
Redirect 301 /ipam-and-dns-16-2-x /docs/latest/ipam-and-dns-16-2-x
Redirect 301 /ipam-and-dns-provider-avi-vantage /docs/latest/ipam-and-dns-provider-avi-vantage
Redirect 301 /ipam-and-dns-provider-avi-vantage /docs/latest/ipam-and-dns-provider-avi-vantage
Redirect 301 /ipam-and-dns-provider-aws /docs/latest/ipam-and-dns-provider-aws
Redirect 301 /ipam-and-dns-provider-aws /docs/latest/ipam-and-dns-provider-aws
Redirect 301 /ipam-and-dns-provider-infoblox /docs/latest/ipam-and-dns-provider-infoblox
Redirect 301 /ipam-and-dns-provider-infoblox /docs/latest/ipam-and-dns-provider-infoblox
Redirect 301 /ipam-and-dns-provider-openstack /docs/latest/ipam-and-dns-provider-openstack
Redirect 301 /ipam-and-dns-provider-openstack /docs/latest/ipam-and-dns-provider-openstack
Redirect 301 /issues-with-ntlm-authentication /docs/latest/issues-with-ntlm-authentication
Redirect 301 /issues-with-ntlm-authentication /docs/latest/issues-with-ntlm-authentication
Redirect 301 /issues-with-round-robin-lb /docs/latest/issues-with-round-robin-lb
Redirect 301 /issues-with-round-robin-lb /docs/latest/issues-with-round-robin-lb
Redirect 301 /keystone-authentication /docs/latest/keystone-authentication
Redirect 301 /layer-4-ssl-support /docs/latest/layer-4-ssl-support
Redirect 301 /layer-4-ssl-support /docs/latest/layer-4-ssl-support
Redirect 301 /ldap-auth-profile-test /docs/latest/ldap-auth-profile-test
Redirect 301 /ldap-auth-profile-test /docs/latest/ldap-auth-profile-test
Redirect 301 /ldap-authentication /docs/latest/ldap-authentication
Redirect 301 /ldap-authentication /docs/latest/ldap-authentication
Redirect 301 /ldap-configuration-examples /docs/latest/ldap-configuration-examples
Redirect 301 /ldap-configuration-examples /docs/latest/ldap-configuration-examples
Redirect 301 /legacy-ha-for-avi-service-engines /docs/latest/legacy-ha-for-avi-service-engines
Redirect 301 /legacy-ha-for-avi-service-engines /docs/latest/legacy-ha-for-avi-service-engines
Redirect 301 /load-balance-api-gateways /docs/latest/load-balance-api-gateways
Redirect 301 /load-balance-api-gateways /docs/latest/load-balance-api-gateways
Redirect 301 /load-balance-ftp /docs/latest/load-balance-ftp
Redirect 301 /load-balance-ftp /docs/latest/load-balance-ftp
Redirect 301 /load-balancing-algorithms /docs/latest/load-balancing-algorithms
Redirect 301 /load-balancing-algorithms /docs/latest/load-balancing-algorithms
Redirect 301 /logging-all-headers-in-client-server-http-traffic /docs/latest/logging-all-headers-in-client-server-http-traffic
Redirect 301 /logging-all-headers-in-client-server-http-traffic /docs/latest/logging-all-headers-in-client-server-http-traffic
Redirect 301 /login-banner-and-message-of-the-day /docs/latest/login-banner-and-message-of-the-day
Redirect 301 /login-banner-and-message-of-the-day /docs/latest/login-banner-and-message-of-the-day
Redirect 301 /manage-local-user-accounts /docs/latest/manage-local-user-accounts
Redirect 301 /manually-validate-server-health /docs/latest/manually-validate-server-health
Redirect 301 /manually-validate-server-health /docs/latest/manually-validate-server-health
Redirect 301 /mapping-multiple-virtual-service-ports-to-server-ports /docs/latest/mapping-multiple-virtual-service-ports-to-server-ports
Redirect 301 /mesos-graceful-app-migration-in-dcos-cluster /docs/latest/mesos-graceful-app-migration-in-dcos-cluster
Redirect 301 /mesos-graceful-app-migration-in-dcos-cluster /docs/latest/mesos-graceful-app-migration-in-dcos-cluster
Redirect 301 /mesos-graceful-blue-green-deployment-using-an-ab-pool /docs/latest/mesos-graceful-blue-green-deployment-using-an-ab-pool
Redirect 301 /mesos-graceful-blue-green-deployment-using-an-ab-pool /docs/latest/mesos-graceful-blue-green-deployment-using-an-ab-pool
Redirect 301 /mesos-in-aws-deploying-a-north-south-service /docs/latest/mesos-in-aws-deploying-a-north-south-service
Redirect 301 /mesos-in-aws-deploying-a-north-south-service /docs/latest/mesos-in-aws-deploying-a-north-south-service
Redirect 301 /mesos-service-engine-group-for-front-end-applications /docs/latest/mesos-service-engine-group-for-front-end-applications
Redirect 301 /mesos-service-engine-group-for-front-end-applications /docs/latest/mesos-service-engine-group-for-front-end-applications
Redirect 301 /metrics-list /docs/latest/metrics-list
Redirect 301 /metrics-list /docs/latest/metrics-list
Redirect 301 /metrics-retention-period /docs/latest/metrics-retention-period
Redirect 301 /metrics-retention-period /docs/latest/metrics-retention-period
Redirect 301 /metrics-used-for-auto-scaling-service-engines /docs/latest/metrics-used-for-auto-scaling-service-engines
Redirect 301 /microsoft-azure-support /docs/latest/microsoft-azure-support
Redirect 301 /microsoft-azure-support /docs/latest/microsoft-azure-support
Redirect 301 /microsoft-hyperv-support /docs/latest/microsoft-hyperv-support
Redirect 301 /microsoft-hyperv-support /docs/latest/microsoft-hyperv-support
Redirect 301 /migrating-virtual-services /docs/latest/migrating-virtual-services
Redirect 301 /migrating-virtual-services /docs/latest/migrating-virtual-services
Redirect 301 /modify-network-security-acl-via-api /docs/latest/modify-network-security-acl-via-api
Redirect 301 /modify-network-security-acl-via-api /docs/latest/modify-network-security-acl-via-api
Redirect 301 /multi-level-domain-support-for-ssl /docs/latest/multi-level-domain-support-for-ssl
Redirect 301 /multi-level-domain-support-for-ssl /docs/latest/multi-level-domain-support-for-ssl
Redirect 301 /network-reachability /docs/latest/network-reachability
Redirect 301 /network-reachability /docs/latest/network-reachability
Redirect 301 /new-connections-metric /docs/latest/new-connections-metric
Redirect 301 /new-connections-metric /docs/latest/new-connections-metric
Redirect 301 /notification-of-ssl-certificate-expiration /docs/latest/notification-of-ssl-certificate-expiration
Redirect 301 /notification-of-ssl-certificate-expiration /docs/latest/notification-of-ssl-certificate-expiration
Redirect 301 /notification-of-vantage-license-expiration /docs/latest/notification-of-vantage-license-expiration
Redirect 301 /notification-of-vantage-license-expiration /docs/latest/notification-of-vantage-license-expiration
Redirect 301 /notifications-overview /docs/latest/notifications-overview
Redirect 301 /notifications-overview /docs/latest/notifications-overview
Redirect 301 /openstack-external-networks /docs/latest/openstack-external-networks
Redirect 301 /openstack-forcing-deletion-of-virtual-service-ports-in-neutron /docs/latest/openstack-forcing-deletion-of-virtual-service-ports-in-neutron
Redirect 301 /openstack-forcing-deletion-of-virtual-service-ports-in-neutron /docs/latest/openstack-forcing-deletion-of-virtual-service-ports-in-neutron
Redirect 301 /openstack-version-support /docs/latest/openstack-version-support
Redirect 301 /openstack-version-support /docs/latest/openstack-version-support
Redirect 301 /orchestrator-access-modes /docs/latest/orchestrator-access-modes
Redirect 301 /orchestrator-access-modes /docs/latest/orchestrator-access-modes
Redirect 301 /overview-of-account-management /docs/latest/overview-of-account-management
Redirect 301 /overview-of-controller-cluster /docs/latest/overview-of-controller-cluster
Redirect 301 /overview-of-controller-cluster /docs/latest/overview-of-controller-cluster
Redirect 301 /overview-of-datascript /docs/latest/overview-of-datascript
Redirect 301 /overview-of-datascript /docs/latest/overview-of-datascript
Redirect 301 /overview-of-health-monitors /docs/latest/overview-of-health-monitors
Redirect 301 /overview-of-health-monitors /docs/latest/overview-of-health-monitors
Redirect 301 /overview-of-http-cache /docs/latest/overview-of-http-cache
Redirect 301 /overview-of-http-cache /docs/latest/overview-of-http-cache
Redirect 301 /overview-of-server-persistence /docs/latest/overview-of-server-persistence
Redirect 301 /overview-of-server-persistence /docs/latest/overview-of-server-persistence
Redirect 301 /overview-of-ssl-termination /docs/latest/overview-of-ssl-termination
Redirect 301 /overview-of-ssl-termination /docs/latest/overview-of-ssl-termination
Redirect 301 /overview-of-vantage-high-availability /docs/latest/overview-of-vantage-high-availability
Redirect 301 /overview-of-vantage-high-availability /docs/latest/overview-of-vantage-high-availability
Redirect 301 /overview-of-vantage-security /docs/latest/overview-of-vantage-security
Redirect 301 /overview-of-vantage-security /docs/latest/overview-of-vantage-security
Redirect 301 /packet-capture /docs/latest/packet-capture
Redirect 301 /packet-capture /docs/latest/packet-capture
Redirect 301 /password-recovery /docs/latest/password-recovery
Redirect 301 /password-recovery /docs/latest/password-recovery
Redirect 301 /physical-security-for-ssl-keys /docs/latest/physical-security-for-ssl-keys
Redirect 301 /physical-security-for-ssl-keys /docs/latest/physical-security-for-ssl-keys
Redirect 301 /ping-health-monitor /docs/latest/ping-health-monitor
Redirect 301 /ping-health-monitor /docs/latest/ping-health-monitor
Redirect 301 /port-channeling-on-linux-server-hosts-2 /docs/latest/port-channeling-on-linux-server-hosts-2
Redirect 301 /port-channeling-on-linux-server-hosts-2 /docs/latest/port-channeling-on-linux-server-hosts-2
Redirect 301 /protocol-ports-used-by-avi-vantage-for-management-communication /docs/latest/protocol-ports-used-by-avi-vantage-for-management-communication
Redirect 301 /protocol-ports-used-by-avi-vantage-for-management-communication /docs/latest/protocol-ports-used-by-avi-vantage-for-management-communication
Redirect 301 /proxy-protocol-support /docs/latest/proxy-protocol-support
Redirect 301 /proxy-protocol-support /docs/latest/proxy-protocol-support
Redirect 301 /public-key-management-on-se-hosts /docs/latest/public-key-management-on-se-hosts
Redirect 301 /public-key-management-on-se-hosts /docs/latest/public-key-management-on-se-hosts
Redirect 301 /public-key-management-on-se-hosts-16-2-2 /docs/latest/public-key-management-on-se-hosts-16-2-2
Redirect 301 /public-key-management-on-se-hosts-16-2-2 /docs/latest/public-key-management-on-se-hosts-16-2-2
Redirect 301 /purge-an-object-from-http-cache /docs/latest/purge-an-object-from-http-cache
Redirect 301 /purge-an-object-from-http-cache /docs/latest/purge-an-object-from-http-cache
Redirect 301 /rate-shaping-and-throttling-options /docs/latest/rate-shaping-and-throttling-options
Redirect 301 /rate-shaping-and-throttling-options /docs/latest/rate-shaping-and-throttling-options
Redirect 301 /real-time-metrics-update /docs/latest/real-time-metrics-update
Redirect 301 /real-time-metrics-update /docs/latest/real-time-metrics-update
Redirect 301 /recover-a-non-operational-controller-cluster /docs/latest/recover-a-non-operational-controller-cluster
Redirect 301 /recover-a-non-operational-controller-cluster /docs/latest/recover-a-non-operational-controller-cluster
Redirect 301 /redirect-http-to-https /docs/latest/redirect-http-to-https
Redirect 301 /redirect-http-to-https /docs/latest/redirect-http-to-https
Redirect 301 /remote-users-authen-authrz /docs/latest/remote-users-authen-authrz
Redirect 301 /remote-users-authen-authrz /docs/latest/remote-users-authen-authrz
Redirect 301 /replace-kube-proxy-in-openshift-environment-with-avi-vantage /docs/latest/replace-kube-proxy-in-openshift-environment-with-avi-vantage
Redirect 301 /replace-kube-proxy-in-openshift-environment-with-avi-vantage /docs/latest/replace-kube-proxy-in-openshift-environment-with-avi-vantage
Redirect 301 /reset-an-openstack-default-cloud /docs/latest/reset-an-openstack-default-cloud
Redirect 301 /reset-an-openstack-default-cloud /docs/latest/reset-an-openstack-default-cloud
Redirect 301 /reset-to-factory-defaults /docs/latest/reset-to-factory-defaults
Redirect 301 /reset-to-factory-defaults /docs/latest/reset-to-factory-defaults
Redirect 301 /rolling-back-the-system /docs/latest/rolling-back-the-system
Redirect 301 /rolling-back-the-system /docs/latest/rolling-back-the-system
Redirect 301 /save-log-searches /docs/latest/save-log-searches
Redirect 301 /save-log-searches /docs/latest/save-log-searches
Redirect 301 /se-memory-consumption /docs/latest/se-memory-consumption
Redirect 301 /se-memory-consumption /docs/latest/se-memory-consumption
Redirect 301 /search-engine-group /docs/latest/search-engine-group
Redirect 301 /search-engine-group /docs/latest/search-engine-group
Redirect 301 /securing-management-ip-access /docs/latest/securing-management-ip-access
Redirect 301 /securing-management-ip-access /docs/latest/securing-management-ip-access
Redirect 301 /security-advisory-notice /docs/latest/security-advisory-notice
Redirect 301 /security-advisory-notice /docs/latest/security-advisory-notice
Redirect 301 /select-servers-by-network /docs/latest/select-servers-by-network
Redirect 301 /select-servers-by-network /docs/latest/select-servers-by-network
Redirect 301 /server-autoscale /docs/latest/server-autoscale
Redirect 301 /server-autoscale /docs/latest/server-autoscale
Redirect 301 /server-name-indication /docs/latest/server-name-indication
Redirect 301 /server-name-indication /docs/latest/server-name-indication
Redirect 301 /server-requires-original-client-source-ip-address /docs/latest/server-requires-original-client-source-ip-address
Redirect 301 /server-requires-original-client-source-ip-address /docs/latest/server-requires-original-client-source-ip-address
Redirect 301 /servers-flapping-up-down /docs/latest/servers-flapping-up-down
Redirect 301 /servers-flapping-up-down /docs/latest/servers-flapping-up-down
Redirect 301 /service-discovery-for-mesos /docs/latest/service-discovery-for-mesos
Redirect 301 /service-discovery-for-mesos /docs/latest/service-discovery-for-mesos
Redirect 301 /service-engine-group-pre-16-2-1 /docs/latest/service-engine-group-pre-16-2-1
Redirect 301 /service-engine-group-pre-16-2-1 /docs/latest/service-engine-group-pre-16-2-1
Redirect 301 /sizing-service-engines /docs/latest/sizing-service-engines
Redirect 301 /sizing-service-engines /docs/latest/sizing-service-engines
Redirect 301 /snat-source-port-exhuastion /docs/latest/snat-source-port-exhuastion
Redirect 301 /snat-source-port-exhuastion /docs/latest/snat-source-port-exhuastion
Redirect 301 /snmp-support-in-avi-vantage /docs/latest/snmp-support-in-avi-vantage
Redirect 301 /snmp-support-in-avi-vantage /docs/latest/snmp-support-in-avi-vantage
Redirect 301 /source-nat-for-application-identification /docs/latest/source-nat-for-application-identification
Redirect 301 /source-nat-for-application-identification /docs/latest/source-nat-for-application-identification
Redirect 301 /ssh-users-and-keys /docs/latest/ssh-users-and-keys
Redirect 301 /ssh-users-and-keys /docs/latest/ssh-users-and-keys
Redirect 301 /ssl-certificates /docs/latest/ssl-certificates
Redirect 301 /ssl-certificates /docs/latest/ssl-certificates
Redirect 301 /ssl-everywhere /docs/latest/ssl-everywhere
Redirect 301 /ssl-everywhere /docs/latest/ssl-everywhere
Redirect 301 /ssl-performance /docs/latest/ssl-performance
Redirect 301 /ssl-performance /docs/latest/ssl-performance
Redirect 301 /ssl-tls-profile /docs/latest/ssl-tls-profile
Redirect 301 /ssl-tls-profile /docs/latest/ssl-tls-profile
Redirect 301 /ssl-tls-version-support /docs/latest/ssl-tls-version-support
Redirect 301 /ssl-tls-version-support /docs/latest/ssl-tls-version-support
Redirect 301 /ssl-visibility-and-troubleshooting /docs/latest/ssl-visibility-and-troubleshooting
Redirect 301 /ssl-visibility-and-troubleshooting /docs/latest/ssl-visibility-and-troubleshooting
Redirect 301 /static-route-support-for-vip-and-snat-ip-reachability /docs/latest/static-route-support-for-vip-and-snat-ip-reachability
Redirect 301 /static-route-support-for-vip-and-snat-ip-reachability /docs/latest/static-route-support-for-vip-and-snat-ip-reachability
Redirect 301 /string-group /docs/latest/string-group
Redirect 301 /string-group /docs/latest/string-group
Redirect 301 /strong-password-enforcement /docs/latest/strong-password-enforcement
Redirect 301 /strong-password-enforcement /docs/latest/strong-password-enforcement
Redirect 301 /super-user-accounts /docs/latest/super-user-accounts
Redirect 301 /super-user-accounts /docs/latest/super-user-accounts
Redirect 301 /support-for-sni-extension-in-tls-handshakes-to-pool-servers /docs/latest/support-for-sni-extension-in-tls-handshakes-to-pool-servers
Redirect 301 /support-for-sni-extension-in-tls-handshakes-to-pool-servers /docs/latest/support-for-sni-extension-in-tls-handshakes-to-pool-servers
Redirect 301 /support-terms-and-conditions /docs/latest/support-terms-and-conditions
Redirect 301 /support-terms-and-conditions /docs/latest/support-terms-and-conditions
Redirect 301 /switch-between-tenants /docs/latest/switch-between-tenants
Redirect 301 /switch-between-tenants /docs/latest/switch-between-tenants
Redirect 301 /system-cleanup-following-uninstall-from-mesos-dcos /docs/latest/system-cleanup-following-uninstall-from-mesos-dcos
Redirect 301 /system-cleanup-following-uninstall-from-mesos-dcos /docs/latest/system-cleanup-following-uninstall-from-mesos-dcos
Redirect 301 /system-requirements-ecosystem /docs/latest/system-requirements-ecosystem
Redirect 301 /system-requirements-ecosystem /docs/latest/system-requirements-ecosystem
Redirect 301 /system-requirements-hardware /docs/latest/system-requirements-hardware
Redirect 301 /system-requirements-hardware /docs/latest/system-requirements-hardware
Redirect 301 /tacacs-authentication /docs/latest/tacacs-authentication
Redirect 301 /tacacs-authentication /docs/latest/tacacs-authentication
Redirect 301 /tacacs-configuration-examples /docs/latest/tacacs-configuration-examples
Redirect 301 /tacacs-configuration-examples /docs/latest/tacacs-configuration-examples
Redirect 301 /tacacs-for-avi-vantage-users /docs/latest/tacacs-for-avi-vantage-users
Redirect 301 /tcp-health-monitor /docs/latest/tcp-health-monitor
Redirect 301 /tcp-health-monitor /docs/latest/tcp-health-monitor
Redirect 301 /tcp-transparent-proxy-support /docs/latest/tcp-transparent-proxy-support
Redirect 301 /tcp-transparent-proxy-support /docs/latest/tcp-transparent-proxy-support
Redirect 301 /templates-groups-ip-group /docs/latest/templates-groups-ip-group
Redirect 301 /templates-groups-ip-group /docs/latest/templates-groups-ip-group
Redirect 301 /tenants /docs/latest/tenants
Redirect 301 /tenants /docs/latest/tenants
Redirect 301 /tenants-versus-se-group-isolation /docs/latest/tenants-versus-se-group-isolation
Redirect 301 /tenants-versus-se-group-isolation /docs/latest/tenants-versus-se-group-isolation
Redirect 301 /terms-of-avi-vantage-license /docs/latest/terms-of-avi-vantage-license
Redirect 301 /terms-of-avi-vantage-license /docs/latest/terms-of-avi-vantage-license
Redirect 301 /thales-nshield-integration-2 /docs/latest/thales-nshield-integration-2
Redirect 301 /thales-nshield-integration-2 /docs/latest/thales-nshield-integration-2
Redirect 301 /tls-persistence /docs/latest/tls-persistence
Redirect 301 /tls-persistence /docs/latest/tls-persistence
Redirect 301 /traffic-capture-with-scaled-out-service-engines /docs/latest/traffic-capture-with-scaled-out-service-engines
Redirect 301 /traffic-capture-with-scaled-out-service-engines /docs/latest/traffic-capture-with-scaled-out-service-engines
Redirect 301 /troubleshooting-vantage-integration-with-cisco-aci /docs/latest/troubleshooting-vantage-integration-with-cisco-aci
Redirect 301 /troubleshooting-vantage-integration-with-cisco-aci /docs/latest/troubleshooting-vantage-integration-with-cisco-aci
Redirect 301 /troubleshooting-vmware-deployment /docs/latest/troubleshooting-vmware-deployment
Redirect 301 /troubleshooting-vmware-deployment /docs/latest/troubleshooting-vmware-deployment
Redirect 301 /udp-health-monitor /docs/latest/udp-health-monitor
Redirect 301 /udp-health-monitor /docs/latest/udp-health-monitor
Redirect 301 /upgrading-the-vantage-software /docs/latest/upgrading-the-vantage-software
Redirect 301 /upgrading-the-vantage-software /docs/latest/upgrading-the-vantage-software
Redirect 301 /upload-hsm-pkg /docs/latest/upload-hsm-pkg
Redirect 301 /upload-hsm-pkg /docs/latest/upload-hsm-pkg
Redirect 301 /user-account-roles /docs/latest/user-account-roles
Redirect 301 /user-account-roles /docs/latest/user-account-roles
Redirect 301 /user-account-self-service /docs/latest/user-account-self-service
Redirect 301 /user-account-self-service /docs/latest/user-account-self-service
Redirect 301 /user-accounts /docs/latest/user-accounts
Redirect 301 /user-accounts /docs/latest/user-accounts
Redirect 301 /vantage-global-load-balancer-beta /docs/latest/vantage-global-load-balancer-beta
Redirect 301 /vantage-global-load-balancer-beta /docs/latest/vantage-global-load-balancer-beta
Redirect 301 /vantage-installation-guides /docs/latest/vantage-installation-guides
Redirect 301 /vantage-installation-guides /docs/latest/vantage-installation-guides
Redirect 301 /vantage-installation-on-nutanix-acropolis-hypervisor /docs/latest/vantage-installation-on-nutanix-acropolis-hypervisor
Redirect 301 /vantage-installation-on-nutanix-acropolis-hypervisor /docs/latest/vantage-installation-on-nutanix-acropolis-hypervisor
Redirect 301 /vantage-integration-with-safenet-network-hsm-16-2 /docs/latest/vantage-integration-with-safenet-network-hsm-16-2
Redirect 301 /vantage-interaction-with-vcenter /docs/latest/vantage-interaction-with-vcenter
Redirect 301 /vantage-interaction-with-vcenter /docs/latest/vantage-interaction-with-vcenter
Redirect 301 /vantage-web-app-firewall-beta /docs/latest/vantage-web-app-firewall-beta
Redirect 301 /vantage-web-app-firewall-beta /docs/latest/vantage-web-app-firewall-beta
Redirect 301 /verifying-notification-settings /docs/latest/verifying-notification-settings
Redirect 301 /verifying-notification-settings /docs/latest/verifying-notification-settings
Redirect 301 /vip-allocation-using-ipam-or-dns /docs/latest/vip-allocation-using-ipam-or-dns
Redirect 301 /vip-allocation-using-ipam-or-dns /docs/latest/vip-allocation-using-ipam-or-dns
Redirect 301 /virtual-server-using-dns-for-vip-address /docs/latest/virtual-server-using-dns-for-vip-address
Redirect 301 /virtual-server-using-dns-for-vip-address /docs/latest/virtual-server-using-dns-for-vip-address
Redirect 301 /virtual-service-and-pool-create-from-cli /docs/latest/virtual-service-and-pool-create-from-cli
Redirect 301 /virtual-service-and-pool-create-from-cli /docs/latest/virtual-service-and-pool-create-from-cli
Redirect 301 /virtual-service-create-apic /docs/latest/virtual-service-create-apic
Redirect 301 /virtual-service-create-apic /docs/latest/virtual-service-create-apic
Redirect 301 /virtual-service-creation-vmware /docs/latest/virtual-service-creation-vmware
Redirect 301 /virtual-service-creation-vmware /docs/latest/virtual-service-creation-vmware
Redirect 301 /virtual-service-logs-page-reports-missing-logs /docs/latest/virtual-service-logs-page-reports-missing-logs
Redirect 301 /virtual-service-logs-page-reports-missing-logs /docs/latest/virtual-service-logs-page-reports-missing-logs
Redirect 301 /vlan-configuration-on-bare-metal /docs/latest/vlan-configuration-on-bare-metal
Redirect 301 /vlan-configuration-on-bare-metal /docs/latest/vlan-configuration-on-bare-metal
Redirect 301 /vmware-version-support /docs/latest/vmware-version-support
Redirect 301 /vmware-version-support /docs/latest/vmware-version-support
Redirect 301 /vrf-support-for-vcenter-deployments /docs/latest/vrf-support-for-vcenter-deployments
Redirect 301 /vrf-support-for-vcenter-deployments /docs/latest/vrf-support-for-vcenter-deployments
Redirect 301 /vs-migration-impact-on-existing-connections /docs/latest/vs-migration-impact-on-existing-connections
Redirect 301 /vs-migration-impact-on-existing-connections /docs/latest/vs-migration-impact-on-existing-connections
Redirect 301 /web-interface-access-settings /docs/latest/web-interface-access-settings
Redirect 301 /web-interface-access-settings /docs/latest/web-interface-access-settings
Redirect 301 /webinterface-admin-options /docs/latest/webinterface-admin-options
Redirect 301 /webinterface-admin-options /docs/latest/webinterface-admin-options
Redirect 301 /where-can-i-download-avi-vantage /docs/latest/where-can-i-download-avi-vantage
Redirect 301 /where-can-i-download-avi-vantage /docs/latest/where-can-i-download-avi-vantage
Redirect 301 /why-is-a-server-marked-down /docs/latest/why-is-a-server-marked-down
Redirect 301 /why-is-a-server-marked-down /docs/latest/why-is-a-server-marked-down
Redirect 301 /wildcard-sni-matching-for-virtual-hosting /docs/latest/wildcard-sni-matching-for-virtual-hosting
Redirect 301 /wildcard-sni-matching-for-virtual-hosting /docs/latest/wildcard-sni-matching-for-virtual-hosting
Redirect 301 /x-forwarded-for-header-insertion /docs/latest/x-forwarded-for-header-insertion
Redirect 301 /x-forwarded-for-header-insertion /docs/latest/x-forwarded-for-header-insertion
# __MOVER_STOP__

Redirect 301 /README.md /
Redirect 301 /readme.html /

RedirectMatch 301 /try/ https://www.avinetworks.com/download
#RedirectMatch 301 /docs/latest/api_guide/scripts/.* /docs/latest/api-guide/api-guide-sdk/

#Redirect 301 /high-availability/ /overview-of-vantage-high-availability/

#Redirect 301 /2016/03/11/vantage-installation-guides-16-1-drafts/ /docs/latest/installation-guides/
#Redirect 301 /2016/02/01/configuring-a-virtual-service-for-vmware-basic /configuring-a-virtual-service-for-vmware-basic

#Redirect 301 /metrics-based-alerts/ /metrics-list/
#Redirect 301 /event-based-alerts/ /events-list/
#Redirect 301 /vantage-installation-guides-16-1/ /docs/latest/installation-guides/
#Redirect 301 /2016/03/05/installing-avi-vantage-with-mesosphere-dcos-on-premises-16-1/ /installing-avi-vantage-with-mesosphere-dcos-on-premises/
#Redirect 301 /2016/01/27/deploying-avi-vantage-with-mesosphere-dcos-on-premises/ /installing-avi-vantage-with-mesosphere-dcos-on-premises/

# Redirects for moving API Guide to GitHub source
#RedirectMatch 301 /docs/latest/api-guide/api-guide-other-objects/api-guide-(.*)/ /docs/latest/api-guide/$1.html
#Redirect 301 /docs/latest/api-guide/api-guide-other-objects/ /docs/latest/api-guide/other_objs.html
#Redirect 301 /docs/latest/api-guide/api-guide-macro-api/ /docs/latest/api-guide/macro.html
#Redirect 301 /docs/latest/api-guide/api-guide-traffic-logs-api/ /docs/latest/api-guide/logs.html
#Redirect 301 /docs/latest/api-guide/api-guide-object-model/ /docs/latest/api-guide/object_model.html
#Redirect 301 /docs/latest/api-guide/api-guide-metrics-query-api/ /docs/latest/api-guide/metrics_query.html
#RedirectMatch 301 /docs/latest/api-guide/api-guide-(.+)/ /docs/latest/api-guide/$1.html
